<?xml version="1.0" encoding="UTF-8"?>
<project-private xmlns="http://www.netbeans.org/ns/project-private/1">
    <editor-bookmarks xmlns="http://www.netbeans.org/ns/editor-bookmarks/2" lastBookmarkId="0"/>
    <open-files xmlns="http://www.netbeans.org/ns/projectui-open-files/2">
        <group>
            <file>file:/home/user1/Desktop/CalculatorTag/src/java/com/MyCalculator.java</file>
            <file>file:/home/user1/Desktop/CalculatorTag/web/WEB-INF/tlds/mytag.tld</file>
            <file>file:/home/user1/Desktop/CalculatorTag/web/input.jsp</file>
            <file>file:/home/user1/Desktop/CalculatorTag/web/calculate.jsp</file>
        </group>
    </open-files>
</project-private>
