<?xml version="1.0" encoding="UTF-8"?>
<project-private xmlns="http://www.netbeans.org/ns/project-private/1">
    <editor-bookmarks xmlns="http://www.netbeans.org/ns/editor-bookmarks/2" lastBookmarkId="0"/>
    <open-files xmlns="http://www.netbeans.org/ns/projectui-open-files/2">
        <group>
            <file>file:/home/user1/NetBeansProjects/JTlab10/web/WEB-INF/tags/showColor.tag</file>
            <file>file:/home/user1/NetBeansProjects/JTlab10/web/ShowColorTagDemo.jsp</file>
            <file>file:/home/user1/NetBeansProjects/JTlab10/src/java/pkg/Color.java</file>
            <file>file:/home/user1/NetBeansProjects/JTlab10/web/index.jsp</file>
            <file>file:/home/user1/NetBeansProjects/JTlab10/src/java/pkg/SetColor1.java</file>
            <file>file:/home/user1/NetBeansProjects/JTlab10/web/WEB-INF/web.xml</file>
        </group>
    </open-files>
</project-private>
